Date,Income,Expenses,Net Cashflow
2023-01-01,54967.14153011233,27730.01645053572,27237.125079576606
2023-01-02,48617.35698828816,21556.64805295426,27060.708935333896
2023-01-03,56476.88538100693,14325.240299354486,42151.645081652445
2023-01-04,65230.29856408025,23239.09676423747,41991.20179984278
2023-01-05,47658.46625276664,24726.367884974297,22932.09836779234
2023-01-06,47658.630430508194,24807.44503151809,22851.185398990103
2023-01-07,65792.12815507391,32471.41096031542,33320.71719475849
2023-01-08,57674.34729152909,31342.76267054921,26331.58462097988
2023-01-09,45305.25614065048,25309.761163482537,19995.494977167946
2023-01-10,55425.60043585965,22996.67207350478,32428.92836235487
2023-01-11,45365.82307187538,15372.383822373755,29993.43924950162
2023-01-12,45342.70246429743,26167.791712241855,19174.910752055574
2023-01-13,52419.62271566034,25392.625280192024,27026.997435468318
2023-01-14,30867.197553422022,30020.228139452283,846.9694139697385
2023-01-15,32750.821674869672,21166.858547579366,11583.963127290306
2023-01-16,44377.12470759027,19948.52465591321,24428.600051677062
2023-01-17,39871.68879665576,30966.32948777867,8905.359308877094
2023-01-18,53142.47332595274,25832.26791646482,27310.20540948792
2023-01-19,40919.75924478789,29777.503605317248,11142.255639470644
2023-01-20,35876.962986647086,26843.14600707233,9033.816979574756
2023-01-21,64656.487689215544,30935.369795511153,33721.11789370439
2023-01-22,47742.23699513464,36665.848441548456,11076.388553586185
2023-01-23,50675.28204687924,25124.2445150704,25551.03753180884
2023-01-24,35752.51813786543,28525.470589454795,7227.0475484106355
2023-01-25,4799962.9783509895,26064.732709353008,4773898.245641637
2023-01-26,591934.5014685459,26539.552285548758,565394.9491829971
2023-01-27,38490.06422577697,27503.030315803997,10987.033909972975
2023-01-28,53756.98018345672,34430.5762155698,19326.403967886916
2023-01-29,43993.61310081195,30603.292344959253,13390.320755852696
2023-01-30,47083.06250206723,36350.8412195257,10732.221282541534
2023-01-31,43982.93387770603,25913.43441844589,18069.499459260143
2023-02-01,68522.78184508938,19440.164717217518,49082.61712787187
2023-02-02,49865.02775262066,18508.48920844713,31356.538544173534
2023-02-03,39422.890710440995,92457.59197730775,-53034.70126686675
2023-02-04,58225.44912103189,26276.408394051294,31949.040726980595
2023-02-05,37791.563500289776,31576.771813296597,6214.79168699318
2023-02-06,52088.63595004755,14608.129582270849,37480.5063677767
2023-02-07,30403.298761202244,23728.566692304223,6674.732068898022
2023-02-08,36718.139511015695,27185.393465640136,9532.74604537556
2023-02-09,51968.612358691236,155014.54152876727,-103045.92917007604
2023-02-10,57384.665799954106,28739.257770875596,28645.40802907851
2023-02-11,51713.68281189971,24384.490041603123,27329.192770296584
2023-02-12,48843.517176117595,36176.63306401823,12666.884112099367
2023-02-13,46988.96304410711,35933.34425484818,11055.61878925893
2023-02-14,35214.780096325725,22921.34433364896,12293.435762676763
2023-02-15,42801.557916052916,22842.676566467704,19958.881349585212
2023-02-16,45393.612290402125,32702.968853378716,12690.64343702341
2023-02-17,60571.222262189156,33672.577586250365,26898.64467593879
2023-02-18,53436.182895684615,26704.009708379246,26732.17318730537
2023-02-19,32369.59844637266,27651.093350435007,4718.505095937653
2023-02-20,53240.83969394795,25344.242744358522,27896.596949589428
2023-02-21,46149.17719583683,20348.58067220439,25800.596523632445
2023-02-22,43230.779996940415,22821.0656438745,20409.714353065916
2023-02-23,56116.76288840868,22728.170780176468,33388.59210823222
2023-02-24,60309.99522495951,24250.37482224798,36059.62040271153
2023-02-25,4633666.900131702,31964.26443170156,4601702.6357
2023-02-26,644523.388500338,33901.52037159944,610621.8681287385
2023-02-27,46907.87624148785,36895.98826136162,10011.88798012623
2023-02-28,53312.63431403564,24438.262490017394,28874.371824018246
2023-03-01,59755.45127122359,25357.002981484555,34398.44828973903
2023-03-02,45208.2576215471,19677.256921342705,25531.000700204393
2023-03-03,48143.41023336183,20839.38786054304,27304.02237281879
2023-03-04,38936.65025993972,29174.43230536823,9762.21795457149
2023-03-05,38037.93375919329,18807.3011621444,19230.632597048894
2023-03-06,58125.25822394198,24016.868670562646,34108.38955337933
2023-03-07,63562.40028570823,23268.728869901075,40293.671415807155
2023-03-08,49279.89878419666,25242.519487880203,24037.379296316456
2023-03-09,60035.32897892024,24558.02619869725,35477.30278022299
2023-03-10,53616.36025047634,35775.68805441084,17840.672196065498
2023-03-11,43548.80245394876,23713.572774999284,19835.229678949476
2023-03-12,53613.95605508414,24686.051304981487,28927.904750102654
2023-03-13,65380.365664659694,21320.812329961966,44059.55333469773
2023-03-14,49641.73960890048,21997.22821039295,27644.511398507533
2023-03-15,65646.43655814006,21922.129685284748,43724.30687285532
2023-03-16,23802.548959102558,31436.95042607496,-7634.401466972402
2023-03-17,58219.02504375224,32937.52277599924,25281.502267753
2023-03-18,50870.47068238171,26469.65197275805,24400.81870962366
2023-03-19,47009.92649534132,25247.2442402356,21762.682255105723
2023-03-20,50917.607765355024,29178.802809351473,21738.80495600355
2023-03-21,30124.31085399107,24370.04038801357,5754.270465977501
2023-03-22,47803.28112162488,30665.104709355328,17138.176412269553
2023-03-23,53571.125715117465,28840.403950611166,24730.7217645063
2023-03-24,64778.94044741516,20535.974282058436,44242.966165356724
2023-03-25,5162966.668420524,41459.71730629295,5121506.951114232
2023-03-26,567518.0374024557,43278.903812564524,524239.1335898912
2023-03-27,44982.429564154634,26087.054137067396,18895.375427087238
2023-03-28,59154.02117702074,27556.192314194115,31597.828862826624
2023-03-29,53287.51109659684,31281.291664466902,22006.21943212994
2023-03-30,44702.39796232961,31863.185387441583,12839.212574888028
2023-03-31,55132.67433113356,33831.03544108147,21301.63889005209
2023-04-01,50970.7754934804,36190.495583794764,14780.27990968564
2023-04-02,59686.44990532889,23479.579644319212,36206.87026100968
2023-04-03,42979.469061226475,17115.690713438707,25863.778347787767
2023-04-04,46723.37853402232,14528.697231546534,32194.681302475787
2023-04-05,46078.91846867842,18127.98424421008,27950.93422446834
2023-04-06,35364.85051867881,21976.43805945875,13388.41245922006
2023-04-07,52961.20277064576,31511.97112862697,21449.23164201879
2023-04-08,52610.55272179889,23469.186901572128,29141.365820226765
2023-04-09,50051.13456642461,28231.732483644624,21819.402082779987
2023-04-10,47654.12866624853,23408.881227383543,24245.247438864986
2023-04-11,35846.29257949586,29811.431890303713,6034.8606891921445
2023-04-12,45793.54677234641,36888.09369615346,8905.453076192949
2023-04-13,46572.85483473231,21830.445422554374,24742.409412177934
2023-04-14,41977.22730778381,22376.22324542965,19601.00406235416
2023-04-15,48387.14288333991,35156.27089516857,13230.87198817134
2023-04-16,54040.508568145386,33330.99331439312,20709.515253752266
2023-04-17,68861.8590121053,35153.588332970576,33708.27067913472
2023-04-18,51745.77812831839,29131.586240270193,22614.191888048194
2023-04-19,52575.50390722764,24718.37851439632,27857.12539283132
2023-04-20,49255.54084233833,29841.075994744242,19414.464847594085
2023-04-21,30812.287847009586,32788.70879122417,-1976.4209442145839
2023-04-22,49734.86124550783,36187.77177540579,13547.089470102044
2023-04-23,50602.30209941026,34654.81635266611,15947.485746744154
2023-04-24,74632.42112485286,33591.36462600179,41041.05649885107
2023-04-25,5293749.136338567,34446.69474354485,5259302.441595023
2023-04-26,719562.9178695938,35857.6950524374,683705.2228171565
2023-04-27,49652.88230294757,32499.73106361958,17153.151239327988
2023-04-28,38313.21962380468,28726.11525524321,9587.104368561471
2023-04-29,61428.228145150206,34530.01743398658,26898.21071116363
2023-04-30,57519.33032686774,41203.32110870837,16316.009218159372
2023-05-01,57910.31947043047,16382.205567260693,41528.113903169775
2023-05-02,40906.12545205261,22696.58896572534,18209.536486327273
2023-05-03,64027.94310936099,19192.351371546778,44835.59173781421
2023-05-04,35981.489372077194,21657.994301850224,14323.49507022697
2023-05-05,55868.570938002704,28297.23466610612,27571.336271896584
2023-05-06,71904.5562580998,27079.55522988417,44825.00102821563
2023-05-07,40094.63674869311,26552.4754297682,13542.161318924911
2023-05-08,44337.02270397228,16005.41048348929,28331.61222048299
2023-05-09,50996.51365087641,26965.624150838667,24030.889500037745
2023-05-10,44965.243458838006,26795.434875808296,18169.80858302971
2023-05-11,34493.36568933867,34789.98016242789,-296.61447308921925
2023-05-12,50685.62974806027,22662.643431817585,28022.98631624269
2023-05-13,39376.962862738954,29614.681583233418,9762.281279505536
2023-05-14,54735.924306351815,30133.952911142365,24601.97139520945
2023-05-15,40805.75765766197,33189.108432888715,7616.649224773253
2023-05-16,65499.344050175394,25086.696460140956,40412.64759003444
2023-05-17,42167.46707663763,27313.856576627302,14853.610500010327
2023-05-18,46779.384837943246,29311.976323182407,17467.40851476084
2023-05-19,58135.1721736967,27524.102256990318,30611.069916706383
2023-05-20,37691.35683566045,28000.37905139863,9690.97778426182
2023-05-21,52274.599346041294,32172.98942812954,20101.609917911755
2023-05-22,63071.42754282428,33017.30786233433,30054.119680489952
2023-05-23,33925.167654387726,22753.25734797334,11171.910306414386
2023-05-24,51846.33858532304,28945.606817105272,22900.73176821777
2023-05-25,5306191.344197017,25077.654807489784,5281113.689389528
2023-05-26,373730.8055846086,34985.94607654001,338744.8595080686
2023-05-27,37630.49289121918,23922.263943075923,13708.22894814326
2023-05-28,36795.433869157234,30035.417511802283,6760.016357354951
2023-05-29,55219.415656168974,31872.57559364779,23346.840062521183
2023-05-30,52969.84673233186,38213.669146293585,14756.177586038277
2023-05-31,52504.92850345877,30312.8482816804,22192.080221778368
2023-06-01,53464.48209496976,17738.921843064596,35725.56025190516
2023-06-02,43199.75278421509,30385.535075931828,12814.21770828326
2023-06-03,52322.53697161003,16300.167595083143,36022.36937652689
2023-06-04,52930.72473298681,12139.604134425881,40791.12059856093
2023-06-05,42856.48581973632,24120.118679407624,18736.367140328697
2023-06-06,68657.74511144757,19697.97529638797,48959.7698150596
2023-06-07,54738.329209117874,17412.42031424728,37325.90889487059
2023-06-08,38086.965027973514,26492.07458307438,11594.890444899134
2023-06-09,56565.536086338296,24482.758470736,32082.777615602296
2023-06-10,40253.183297726784,23965.230922447656,16287.952375279128
2023-06-11,57870.84603742452,20010.420706583387,37860.42533084113
2023-06-12,61585.95579007404,28676.991465777905,32908.96432429613
2023-06-13,41793.1768164829,27892.301366508123,13900.875449974774
2023-06-14,59633.76129244322,24442.29482208717,35191.46647035605
2023-06-15,54127.80926936498,34620.06686528897,19507.74240407601
2023-06-16,58220.6015999449,20210.112445352064,38010.48915459284
2023-06-17,68967.92982653948,20570.84828697792,48397.08153956155
2023-06-18,47546.11883997129,25908.929912495078,21637.188927476214
2023-06-19,42462.6383564251,26407.582234399193,16055.056122025908
2023-06-20,41104.85570374477,28208.033219119687,12896.822484625081
2023-06-21,41841.89715034562,26095.92540733019,15745.97174301543
2023-06-22,49228.98290585896,29436.3569579826,19792.62594787636
2023-06-23,53411.519748166436,21662.651171153393,31748.868577013043
2023-06-24,52766.90799330019,40756.93921835805,12009.968774942143
2023-06-25,4738377.590806435,31941.19004648455,4706436.40075995
2023-06-26,487648.1611492112,34666.06045920531,452982.10069000593
2023-06-27,64535.34077157317,31085.976864186076,33449.36390738709
2023-06-28,47353.43166762044,32002.56817556665,15350.863492053792
2023-06-29,77201.69166589619,32914.15204379626,44287.539622099925
2023-06-30,56256.67347765006,32636.004286662985,23620.669190987075
2023-07-01,41428.42443583717,28206.15532654991,13222.269109287263
2023-07-02,39291.075019388874,32666.235968994086,6624.8390503947885
2023-07-03,54824.72415243185,22258.141250581106,32566.582901850747
2023-07-04,47765.372146741494,25191.887517872794,22573.4846288687
2023-07-05,57140.00494092092,21486.84626482763,35653.158676093284
2023-07-06,54732.376245735446,29572.59354371093,25159.782702024517
2023-07-07,49271.71087343127,19194.105147071776,30077.605726359496
2023-07-08,41532.06281931595,37538.572476482834,3993.4903428331163
2023-07-09,34851.52775314135,26821.288909858624,8030.238843282728
2023-07-10,45534.85047932979,16390.01241084728,29144.83806848251
2023-07-11,58563.98794323472,24625.1800459859,33938.80789724882
2023-07-12,52140.93744130204,20865.5766721341,31275.360769167943
2023-07-13,37542.61221288012,28913.780828832256,8628.831384047866
2023-07-14,51731.80925851182,21687.95006285403,30043.85919565779
2023-07-15,53853.17379728837,26419.3411493072,27433.83264798117
2023-07-16,41161.42563798867,18086.15854495609,23075.26709303258
2023-07-17,51537.25105945528,23720.944084727656,27816.306974727624
2023-07-18,50582.08718446,14068.847165939967,36513.24001852003
2023-07-19,38570.29702169377,18664.802094258488,19905.49492743528
2023-07-20,53577.87360348283,30886.119946667444,22691.75365681539
2023-07-21,55607.84526368234,31354.804160339376,24253.041103342966
2023-07-22,60830.512431752766,34037.05617414423,26793.456257608537
2023-07-23,60538.02052034903,26006.576105285625,34531.44441506341
2023-07-24,36223.30632042909,28149.3428368747,8073.9634835543875
2023-07-25,5047144.5121535575,28712.898770124702,5018431.613383433
2023-07-26,606916.2547189989,23197.59785792758,583718.6568610714
2023-07-27,55137.859509122085,37034.732415844584,18103.1270932775
2023-07-28,55150.47686306048,34200.54136946731,20949.93549359317
2023-07-29,88527.31490654721,32532.286950911992,55995.02795563522
2023-07-30,55708.90510693167,34363.290086165274,21345.615020766396
2023-07-31,61355.65640180599,31828.68416729836,29526.972234507626
2023-08-01,59540.017634932025,10271.67458752263,49268.34304740939
2023-08-02,56513.91251305798,19714.256198420913,36799.65631463706
2023-08-03,46847.30755359655,17847.905941835823,28999.401611760724
2023-08-04,57589.692204932675,16565.639116463524,41024.053088469154
2023-08-05,42271.74785462428,24067.476849227107,18204.27100539717
2023-08-06,47631.813932599915,36916.03246709598,10715.781465503933
2023-08-07,45146.364521708965,25918.861707164797,19227.50281454417
2023-08-08,50818.74139386322,20107.933293518974,30710.80810034425
2023-08-09,73146.58566673509,26252.629047841874,46893.956618893215
2023-08-10,31327.348074082518,30789.21698366706,538.1310904154598
2023-08-11,56862.60190374513,28719.995587260182,28142.60631648495
2023-08-12,33872.84128810348,28498.922656809067,5373.918631294415
2023-08-13,45280.681342105665,24585.671406859834,20695.00993524583
2023-08-14,60889.50596967366,28591.721674995937,32297.78429467772
2023-08-15,50642.80019095463,27384.8679192681,23257.932271686528
2023-08-16,39222.55222070694,30272.772787677346,8949.779433029591
2023-08-17,42846.96290740032,29292.943199317433,13554.019708082884
2023-08-18,56795.977489346755,31737.882608037813,25058.09488130894
2023-08-19,42696.333682828634,27299.858661682465,15396.475021146169
2023-08-20,52164.58589581975,38798.63006658558,13365.955829234168
2023-08-21,50455.71839903814,28432.738813971806,22022.979585066332
2023-08-22,43483.99652394183,38311.44218846481,5172.55433547702
2023-08-23,71439.44089325325,24608.922799015763,46830.51809423749
2023-08-24,56339.190223180114,37270.21336299879,19068.976860181327
2023-08-25,4848312.620845058,29796.873647300858,4818515.7471977575
2023-08-26,570541.2195954021,28983.906574403565,541557.3130209986
2023-08-27,43382.13535231612,30334.144007450963,13047.99134486516
2023-08-28,58524.33334796224,28185.55923300382,30338.774114958418
2023-08-29,42074.792615672995,32310.030586051744,9764.762029621252
2023-08-30,48852.63558533101,33152.53475271741,15700.1008326136
2023-08-31,55049.87278980457,27920.072331578867,27129.8004582257
2023-09-01,58657.55194170121,20547.95826041218,38109.59368128903
2023-09-02,37997.03592944224,37704.92148748521,292.11444195702643
2023-09-03,46654.98764159052,35546.14280078855,11108.844840801969
2023-09-04,45250.54688839044,23911.162511408907,21339.384376981532
2023-09-05,43466.707674262885,22226.45124669975,21240.256427563134
2023-09-06,67654.54240281097,22984.049705175596,44670.492697635374
2023-09-07,54049.817109609554,25834.130722742222,28215.68638686733
2023-09-08,37391.16045664955,17853.263837946466,19537.896618703086
2023-09-09,59178.61947054776,25623.667483901834,33554.95198664593
2023-09-10,71221.56197012633,17452.789426640793,53768.77254348554
2023-09-11,60324.65260551147,26107.4866575535,34217.16594795797
2023-09-12,34806.300340459864,27709.81112614538,7096.4892143144825
2023-09-13,45157.659271337485,22300.204943793193,22857.454327544292
2023-09-14,62669.11149186623,33107.10525871121,29562.006233155014
2023-09-15,42923.30534381219,19203.356008484323,23719.94933532787
2023-09-16,54438.19428146228,20727.366744664756,33710.82753679753
2023-09-17,57746.34053429337,31258.957846629375,26487.382687663994
2023-09-18,40730.69528421917,31791.739992060484,8938.955292158684
2023-09-19,49404.746439382,35374.2406698934,14030.505769488598
2023-09-20,17587.326599309275,24809.610303165002,-7222.283703855726
2023-09-21,39756.1235866571,32976.92918742786,6779.194399229244
2023-09-22,47474.3184860684,27631.555973518778,19842.76251254962
2023-09-23,37522.16818035151,30910.80467904089,6611.363501310618
2023-09-24,66324.11303931635,37629.28646056104,28694.82657875531
2023-09-25,4846852.8531320635,32172.745742022482,4814680.107390041
2023-09-26,484447.7748338353,21166.233359574715,463281.5414742606
2023-09-27,51307.40577286091,37053.04056851861,14254.365204342299
2023-09-28,64412.73289066115,36903.86704435135,27508.865846309804
2023-09-29,35641.378488205606,27031.45789926431,8609.920588941295
2023-09-30,61631.637521549594,36735.26857411315,24896.368947436444
2023-10-01,50102.33061019587,27483.60977484201,22618.720835353863
2023-10-02,40184.91348952049,22382.349860570135,17802.563628950356
2023-10-03,54621.034742632706,18592.195491968963,36028.83925066375
2023-10-04,51990.5969557347,18315.021956125645,33675.57499960905
2023-10-05,43997.831228412055,21947.54523488366,22050.285993528396
2023-10-06,50698.02084990019,28394.19943443179,22303.8214154684
2023-10-07,46146.8640313824,29832.440778870772,16314.423252511628
2023-10-08,51135.17345251248,24649.696835393417,26485.47661711906
2023-10-09,56621.306745210466,27375.42757299932,29245.879172211145
2023-10-10,65860.16816145352,9266.206182574158,56593.961978879364
2023-10-11,37621.84501173151,29980.57531460206,7641.269697129446
2023-10-12,71330.33374656267,15599.075382420124,55731.258364142544
2023-10-13,30479.12200477498,22960.753397447843,7518.368607327138
2023-10-14,48482.14904964417,22170.547286626854,26311.601763017316
2023-10-15,55883.17206484576,21453.853567702943,34429.31849714282
2023-10-16,52809.918677350324,31751.685802679705,21058.23287467062
2023-10-17,43773.004801794064,23789.930415639472,19983.074386154593
2023-10-18,47918.77749642725,28283.37082156519,19635.406674862057
2023-10-19,45069.990653411674,26618.91746343952,18451.073189972154
2023-10-20,44106.35243055788,29632.908218837918,14473.444211719965
2023-10-21,58496.020970210244,31797.687995430017,26698.332974780227
2023-10-22,53570.15485965047,23914.964026741924,29655.19083290855
2023-10-23,43070.90404739346,33307.66927248806,9763.234774905395
2023-10-24,58995.99875433251,26048.836279872976,32947.16247445953
2023-10-25,4701407.7209967105,20968.47013321884,4680439.250863492
2023-10-26,465805.2965772992,27067.51381230474,438737.7827649944
2023-10-27,56296.28841923612,37251.3767536509,19044.911665585227
2023-10-28,41710.04989077928,45546.91397016749,-3836.8640793882078
2023-10-29,44398.1895980303,31961.70168299415,12436.487915036152
2023-10-30,57472.93605123262,28838.137565153003,28634.798486079613
2023-10-31,56103.70265433465,29321.303481178318,26782.399173156333
2023-11-01,49790.98406035852,31356.66162568177,18434.32243467675
2023-11-02,51173.27383308782,23047.973030426245,28125.300802661575
2023-11-03,62776.648957884245,23635.411230489757,39141.23772739449
2023-11-04,44084.286111641704,31813.85149932185,12270.434612319856
2023-11-05,55470.97381170038,27364.457493776354,28106.516317924026
2023-11-06,47978.07347566106,21142.993372588746,26835.080103072316
2023-11-07,47823.1879677278,21804.93964045992,26018.248327267876
2023-11-08,60987.7685198719,22783.86539527748,38203.90312459442
2023-11-09,58254.1634898803,23301.41849628947,34952.74499359084
2023-11-10,58135.096360006384,27549.705268581605,30585.39109142478
2023-11-11,63054.78807154329,28286.8359352029,34767.95213634039
2023-11-12,50210.03841632759,32752.27620628589,17457.7622100417
2023-11-13,56819.52971294964,24447.68201750013,32371.84769544951
2023-11-14,46897.332434065436,25603.950160026867,21293.38227403857
2023-11-15,53241.66352488442,15335.904858955484,37905.75866592894
2023-11-16,48698.56945632315,30568.593348933668,18129.976107389484
2023-11-17,50969.95964992718,27999.637463606636,22970.322186320544
2023-11-18,55951.57025436914,36417.43824464084,19534.132009728295
2023-11-19,41817.79316766527,13161.619736450171,28656.173431215102
2023-11-20,70923.8727568546,37929.5031002658,32994.3696565888
2023-11-21,39939.82618500298,26885.74122925075,13054.08495575223
2023-11-22,37858.113872122674,33606.03717116693,4252.076700955746
2023-11-23,61581.10873500068,22968.800501732076,38612.3082332686
2023-11-24,57916.62693962936,31759.61509618801,26157.01184344135
2023-11-25,4718320.046766438,26383.798819188316,4691936.24794725
2023-11-26,458696.1297949095,29331.25713783237,429364.87265707715
2023-11-27,49877.53227153085,39441.94798398326,10435.584287547594
2023-11-28,41027.456285141685,29023.329135000848,12004.127150140837
2023-11-29,50758.045581937266,31453.164724538685,19304.88085739858
2023-11-30,43228.38288487888,35133.808706292875,8094.574178586008
2023-12-01,59751.197334177516,23333.600450336602,36417.59688384092
2023-12-02,48529.42618497861,25855.088915768523,22674.33726921009
2023-12-03,41745.028032074886,27499.152755010826,14245.87527706406
2023-12-04,46786.14158347007,34120.21184818634,12665.929735283724
2023-12-05,54129.31454275624,21873.501281933437,32255.813260822804
2023-12-06,44362.75447196025,23539.663924272227,20823.090547688025
2023-12-07,41777.796044335686,28229.03310834031,13548.762935995375
2023-12-08,52436.872114919126,28852.806951252933,23584.065163666193
2023-12-09,52449.665711087226,34545.40146663704,17904.264244450183
2023-12-10,44930.568246288705,31561.546182782706,13369.022063506
2023-12-11,45289.61694381677,18374.61230050993,26915.004643306842
2023-12-12,52320.499373576364,32927.27200350681,19393.22737006955
2023-12-13,35519.15658502676,19042.43895751462,16476.71762751214
2023-12-14,35925.362256234446,26802.063572692183,9123.298683542263
2023-12-15,42815.55778747564,21734.61801161323,21080.93977586241
2023-12-16,47865.52848288153,29354.991785011276,18510.53669787025
2023-12-17,53109.07565598004,32083.695171204912,21025.38048477513
2023-12-18,64753.56216949552,28270.48346856063,36483.078700934886
2023-12-19,58576.596232020194,29128.68462922122,29447.911602798973
2023-12-20,48400.61470036573,35575.0540888929,12825.560611472829
2023-12-21,49809.837920973114,29977.312309876736,19832.52561109638
2023-12-22,39974.706353621914,26747.478602475465,13227.227751146449
2023-12-23,49814.8686400761,38004.1293360625,11810.739304013601
2023-12-24,47113.41361079862,39717.16324046815,7396.250370330468
2023-12-25,5316637.634755341,22739.53503465098,5293898.09972069
2023-12-26,446787.80168128246,32432.000335005945,414355.80134627654
2023-12-27,55193.465142411726,33307.37815923666,21886.086983175068
2023-12-28,65327.389130025775,28534.024803503828,36793.36432652194
2023-12-29,48912.39851543142,37451.32146373348,11461.07705169794
2023-12-30,54017.117220989414,33643.09500471343,20374.022216275982
2023-12-31,56901.43991711113,35661.99716698865,21239.442750122478
2024-01-01,45987.79528114164,19954.673567211834,26033.121713929806
2024-01-02,52240.92481810417,21264.596812592783,30976.328005511386
2024-01-03,50125.92400781795,15908.71601864367,34217.207989174276
2024-01-04,50976.76098548832,14489.309950683313,36487.45103480501
2024-01-05,42269.90216144534,30388.292108931946,11881.610052513392
2024-01-06,50245.101742589424,21219.314970031337,29025.786772558087
2024-01-07,54979.9829124545,20684.421449728095,34295.5614627264
2024-01-08,64511.43607795042,12202.914344449262,52308.521733501155
2024-01-09,59592.70826085207,20311.17320268667,39281.535058165406
2024-01-10,71531.82457511556,17146.137020610542,54385.68755450502
2024-01-11,42326.52437111951,32695.494414283832,9631.029956835675
2024-01-12,58723.20636720678,29797.198880135373,28926.00748707141
2024-01-13,51833.42005738352,24588.751068285088,27244.66898909843
2024-01-14,71898.02933217672,42818.95298169463,29079.076350482093
2024-01-15,41917.01714644849,30685.227818372296,11231.789328076193
2024-01-16,41602.78157819224,24326.26456907791,17276.51700911433
2024-01-17,44006.073545559775,13513.311524707422,30492.76202085235
2024-01-18,28761.04275690193,38434.692336491265,-9673.649579589335
2024-01-19,44742.44978319239,19894.007670256065,24848.44211293632
2024-01-20,42408.67338446302,21169.9940489888,21238.679335474222
2024-01-21,51503.937864762076,37749.47384964152,13754.464015120553
2024-01-22,53417.559757771596,40577.25898221473,12840.300775556869
2024-01-23,68761.70839215886,35504.85047865883,33256.85791350003
2024-01-24,59504.2383818605,31638.585579227663,27865.652802632838
2024-01-25,5702326.479652723,32141.24640201632,5670185.233250707
2024-01-26,590347.6433746053,33813.48147013133,556534.161904474
2024-01-27,54919.191715065055,38213.113863960054,16706.077851105
2024-01-28,36797.66792979358,35649.31534540216,1148.3525843914176
2024-01-29,68314.58765854353,31000.25815692368,37314.32950161985
2024-01-30,61794.40120721287,30488.177616532383,31306.223590680485
2024-01-31,45308.24347895295,27282.180704318787,18026.062774634163
2024-02-01,32868.65470909122,19443.400644054513,13425.254065036708
2024-02-02,63538.72374165413,12533.673512846506,51005.050228807624
2024-02-03,48854.60154747382,24791.43804604976,24063.163501424064
2024-02-04,62378.163119734614,19712.841299605796,42665.32182012882
2024-02-05,34055.72341205633,16591.150767727206,17464.572644329124
2024-02-06,44006.24977046227,23528.42197310046,20477.827797361813
2024-02-07,50052.43699718183,30099.914942833908,19952.522054347923
2024-02-08,50469.80593764742,28010.652068442705,22459.153869204714
2024-02-09,45499.345285207564,15566.646898369128,29932.698386838434
2024-02-10,56228.499323474985,21769.88714177188,34458.61218170311
2024-02-11,39323.79570617406,33877.86118667882,5445.93451949524
2024-02-12,48576.20514978706,19619.661536017324,28956.54361376974
2024-02-13,51202.95631711899,23858.78048567739,27344.175831441597
2024-02-14,55144.38834058749,28184.97669666421,26959.41164392328
2024-02-15,57116.1487808889,20724.366346745494,36391.7824341434
2024-02-16,38753.57908162131,26588.193512359707,12165.385569261605
2024-02-17,34658.85829264378,22079.612495881873,12579.245796761908
2024-02-18,62776.76821898509,26890.770975332656,35885.99724365243
2024-02-19,53323.14011979592,28724.294278270336,24598.845841525585
2024-02-20,42515.134634434464,19233.287359939037,23281.847274495427
2024-02-21,65511.51975522523,30034.441323703206,35477.07843152202
2024-02-22,51156.746342928585,28013.02483111348,23143.721511815107
2024-02-23,61792.97184063826,31300.306210766004,30492.665629872256
2024-02-24,50675.18481410109,33992.568000217354,16682.61681388374
2024-02-25,5116816.510172538,41292.81503566938,5075523.695136869
2024-02-26,481717.63040631067,30137.464813107606,451580.16559320304
2024-02-27,47510.358515209264,27629.133548361802,19881.22496684746
2024-02-28,59715.70950954355,30812.40024705046,28903.30926249309
2024-02-29,56453.759495851475,33323.599174055715,23130.16032179576
2024-03-01,63686.31557532349,21176.640144969304,42509.67543035418
2024-03-02,40350.765394198956,25342.44289819189,15008.322496007066
2024-03-03,56860.514599984395,21155.54985838645,35704.96474159794
2024-03-04,60584.24486849588,18547.05194442158,42037.192924074305
2024-03-05,32412.605135768856,15084.21645095516,17328.388684813697
2024-03-06,38167.41487334225,31653.47207195195,6513.942801390298
2024-03-07,29607.678222398994,16589.711772431598,13017.966449967396
2024-03-08,47305.93165555442,19770.31360732828,27535.61804822614
2024-03-09,57175.422557959624,23123.094846956345,34052.32771100328
2024-03-10,65023.57052096028,33317.91918584611,31705.65133511417
2024-03-11,50740.94780419775,22853.11584025549,27887.83196394226
2024-03-12,66286.15545571291,31141.72938517886,35144.42607053406
2024-03-13,36198.98541785109,21593.4205992848,14605.564818566287
2024-03-14,32966.17560644845,26843.486602119247,6122.689004329204
2024-03-15,49444.52301103381,21449.388926721407,27995.1340843124
2024-03-16,53840.65448939307,43027.6658279375,10812.988661455573
2024-03-17,49673.05251905907,23016.678580000982,26656.37393905809
2024-03-18,29325.578999601235,28383.12435727224,942.4546423289939
2024-03-19,49108.79960487212,30397.38776935898,18711.41183551314
2024-03-20,36955.30499495147,29609.54119476953,7345.76380018194
2024-03-21,56696.725488300384,26868.26957951537,29828.455908785014
2024-03-22,53665.98246096848,27499.378225506007,26166.604235462473
2024-03-23,40601.202136726446,32611.85106178851,7989.351074937935
2024-03-24,44861.330826633064,31791.50150406889,13069.829322564176
2024-03-25,5214485.334633359,34172.288868257965,5180313.045765101
2024-03-26,491809.4264034909,40943.506109800175,450865.9202936907
2024-03-27,59551.42320501238,27022.257241043524,32529.16596396886
2024-03-28,40142.73953664456,23180.40829385013,16962.331242794433
2024-03-29,55040.46515517844,30132.040066039455,24908.425089138986
2024-03-30,44697.423816275594,50536.19492694656,-5838.7711106709685
2024-03-31,42071.27167737656,30197.48776659287,11873.783910783688
2024-04-01,48929.69640045442,125285.92322707709,-76356.22682662267
2024-04-02,39647.57677580626,29964.637382722252,9682.939393084005
2024-04-03,44463.50694652818,18803.99597820583,25659.51096832235
2024-04-04,38021.22107411151,24938.373124241232,13082.84794987028
2024-04-05,69647.25132916389,30747.826419286226,38899.42490987766
2024-04-06,50352.63551971729,24209.747159080463,26142.888360636825
2024-04-07,43002.74492007415,25629.020006484225,17373.724913589922
2024-04-08,52139.799107342216,20384.842600408076,31754.95650693414
2024-04-09,48876.7195030917,18495.926235905015,30380.793267186684
2024-04-10,47790.30400466777,20726.70106743628,27063.60293723149
2024-04-11,56141.66700043425,18107.02600717803,38034.640993256224
2024-04-12,57575.07710047305,24943.539594610196,32631.537505862852
2024-04-13,44694.988523894724,24237.460214332485,20457.52830956224
2024-04-14,44241.8175935532,30725.733781277926,13516.083812275272
2024-04-15,47249.48302848356,17774.881031407993,29474.60199707557
2024-04-16,26980.78835264415,27858.366203095004,-877.5778504508526
2024-04-17,34848.089378014476,30798.817982660865,4049.2713953536113
2024-04-18,63668.742674445246,16550.692691616594,47118.049982828656
2024-04-19,66449.67713501284,29119.26783123823,37330.409303774606
2024-04-20,47509.63960443622,38887.64421665677,8621.995387779447
2024-04-21,55765.569630557664,24312.086438989365,31453.4831915683
2024-04-22,53112.50154543536,36862.43397591965,16250.067569515712
2024-04-23,80788.80808455238,30736.153638089465,50052.65444646291
2024-04-24,61195.74911434577,25277.91994075992,35917.82917358585
2024-04-25,5079223.277746533,28976.827274744912,5050246.450471788
2024-04-26,796453.0494208753,32494.70142730825,763958.347993567
2024-04-27,33935.536797424276,34262.2437932897,-326.7069958654247
2024-04-28,52034.63635867223,37443.364778848416,14591.271579823813
2024-04-29,42436.492547156966,25894.16421985988,16542.328327297088
2024-04-30,35777.462904023254,31871.50959951515,3905.9533045081043
2024-05-01,43534.27115757474,13706.313846926303,29827.957310648435
2024-05-02,39184.51996385605,20781.34671658636,18403.173247269693
2024-05-03,66871.41635072565,17031.31558410248,49840.10076662316
2024-05-04,58816.397569494504,21381.819643211078,37434.577926283426
2024-05-05,49920.27358683383,33810.15480644002,16110.118780393808
2024-05-06,64799.44138890026,28379.918160920588,36419.52322797968
2024-05-07,50773.68307647618,26234.262278789196,24539.420797686987
2024-05-08,41387.157986717364,17786.069672190675,23601.08831452669
2024-05-09,65231.240772696576,22142.647554899544,43088.59321779703
2024-05-10,55389.10043684659,30395.562710451748,24993.53772639484
2024-05-11,39627.538456735434,29182.377501957824,10445.16095477761
2024-05-12,48096.61321916392,42879.91307653588,5216.70014262804
2024-05-13,41243.817466152424,27197.002079626556,14046.815386525868
2024-05-14,36172.00269035664,26502.790962288695,9669.211728067945
2024-05-15,59261.77547531641,24257.651161144604,35004.12431417181
2024-05-16,69094.1664047013,26893.265252209105,42200.901152492195
2024-05-17,36014.324261808586,25760.616620198987,10253.707641609599
2024-05-18,55629.69236690571,35083.55335190623,20546.139014999477
2024-05-19,43493.57430878173,36955.548394667676,6538.025914114056
2024-05-20,45128.74616235304,23523.16068459843,21605.58547775461
2024-05-21,44076.06075761131,21048.902398478152,23027.15835913316
2024-05-22,41360.09230320184,18782.663959541722,22577.428343660118
2024-05-23,50485.21627944827,31257.64827636805,19227.56800308022
2024-05-24,41690.49883588962,23266.99792716402,18423.500908725604
2024-05-25,5028689.593326636,19958.790852835293,5008730.8024738
2024-05-26,664424.9515340762,35901.284484988,628523.6670490883
2024-05-27,47610.5195313359,42919.112571042584,4691.406960293316
2024-05-28,40924.36337958402,30332.597139462654,10591.766240121367
2024-05-29,44232.286694316674,35051.14711132264,9181.13958299403
2024-05-30,57553.91225825756,31481.798203577553,26072.114054680005
2024-05-31,55009.17187624381,30893.464840991786,24115.707035252024
2024-06-01,40224.44755201449,30543.901022929138,9680.546529085354
2024-06-02,50993.32305429226,23466.248179860417,27527.074874431844
2024-06-03,57513.87123371789,23130.994656319555,34382.87657739833
2024-06-04,33305.94718878628,23758.92836633004,9547.01882245624
2024-06-05,55433.60192379935,18980.184104039996,36453.41781975936
2024-06-06,43373.76241054153,27924.13164715455,15449.63076338698
2024-06-07,55705.986685931595,22227.220410786074,33478.76627514552
2024-06-08,42367.408434574834,22688.44253897163,19678.965895603204
2024-06-09,31951.17899335481,30972.759552585714,978.4194407690957
2024-06-10,33724.57562116838,19519.785379256427,14204.79024191195
2024-06-11,50480.84946661382,24666.927979745255,25813.921486868567
2024-06-12,52597.22501721482,24820.701307796742,27776.523709418077
2024-06-13,40956.83374895591,30841.20342995409,10115.630319001822
2024-06-14,56385.92458777374,28021.75260164624,28364.1719861275
2024-06-15,33384.7993773104,29607.255765388993,3777.54361192141
2024-06-16,49339.20201352683,35133.82854737304,14205.37346615379
2024-06-17,37889.83800237543,33808.474031716556,4081.363970658873
2024-06-18,43481.63892197841,29842.020950797636,13639.617971180774
2024-06-19,50473.98671316414,27351.947568948483,23122.039144215654
2024-06-20,41395.866347160474,20845.678123452508,20550.188223707966
2024-06-21,46154.44455770175,22471.635096584963,23682.809461116783
2024-06-22,60062.92809214441,30317.7128501641,29745.21524198031
2024-06-23,44231.081304768515,28794.581077690673,15436.500227077842
2024-06-24,58356.921120651416,28066.183038630257,30290.73808202116
2024-06-25,4862908.825171952,29676.964559201064,4833231.860612751
2024-06-26,551799.1927294567,32477.65103417909,519321.5416952776
2024-06-27,64415.686206579005,29712.957878031226,34702.728328547775
2024-06-28,25283.554998727108,32949.44551167945,-7665.890512952341
2024-06-29,42031.04744529523,35025.994263155546,7005.053182139687
2024-06-30,55770.7212718054,22826.654269381143,32944.06700242426
2024-07-01,47969.54613957007,16222.495475968264,31747.050663601804
2024-07-02,53711.45873371309,20694.895561391204,33016.56317232188
2024-07-03,43960.148132841794,15513.74463722605,28446.403495615745
2024-07-04,50865.897874729,25249.63022583647,25616.26764889253
2024-07-05,48443.227646079205,30426.965477456404,18016.2621686228
2024-07-06,61677.820616598074,34188.36074052632,27489.459876071756
2024-07-07,52544.20843301213,25723.17145933105,26821.03697368108
2024-07-08,53376.02662075202,31263.218222999145,22112.808397752873
2024-07-09,45881.23033877533,24645.909354074658,21235.32098470067
2024-07-10,45123.93775927507,22472.303089635276,22651.634669639792
2024-07-11,45674.41812180379,197058.03139568304,-151383.61327387925
2024-07-12,53944.52142378297,23347.11112747019,30597.41029631278
2024-07-13,45790.15519179737,26734.2404684827,19055.91472331467
2024-07-14,52897.74856896413,30521.14278744239,22376.605781521743
2024-07-15,70754.00798645438,26794.33634475925,43959.67164169513
2024-07-16,58711.247034316926,26324.309506015776,32386.93752830115
2024-07-17,46739.76467832159,28925.35164424563,17814.41303407596
2024-07-18,62012.139221639445,33187.58907906167,28824.550142577777
2024-07-19,45919.24626978449,32283.900158893037,13635.346110891453
2024-07-20,29618.75464822146,22415.657102364075,7203.097545857385
2024-07-21,39919.13689082596,16178.853288564693,23740.28360226127
2024-07-22,31292.08078974144,33250.05630605388,-1957.9755163124355
2024-07-23,46484.865159586916,21644.161081188293,24840.704078398623
2024-07-24,50184.18379189551,27925.448237427398,22258.735554468116
2024-07-25,5509464.53203163,23362.06002796352,5486102.472003667
2024-07-26,490572.5679588649,20426.878813140163,470145.68914572475
2024-07-27,47808.99471191136,37337.051675323164,10471.943036588193
2024-07-28,58294.05581183489,39027.428283753055,19266.627528081837
2024-07-29,27888.64690992115,27838.968493940192,49.67841598095765
2024-07-30,52356.14558108566,17717.24047068796,34638.905110397696
2024-07-31,57708.65193886967,28692.961646873995,29015.690291995674
2024-08-01,35214.137542201584,23174.886253652912,12039.251288548672
2024-08-02,61437.54043206929,13798.447932960333,47639.092499108956
2024-08-03,53384.96407494414,26828.873355785614,26556.090719158525
2024-08-04,45847.120860991985,25952.419255932753,19894.701605059232
2024-08-05,56327.81866106285,25542.284319729588,30785.53434133326
2024-08-06,72706.92857804397,23500.270114257564,49206.6584637864
2024-08-07,51818.66255058495,18166.708174082578,33651.95437650237
2024-08-08,52482.20586300336,29797.46743816506,22684.7384248383
2024-08-09,45406.39100459756,23098.688323291928,22307.70268130563
2024-08-10,41501.55630535208,27969.109680151916,13532.446625200166
2024-08-11,58303.358165442456,22729.77579063997,35573.582374802485
2024-08-12,41439.161740911324,22662.392426935665,18776.76931397566
2024-08-13,50715.662372193925,20713.874465958237,30001.787906235688
2024-08-14,45223.42553234883,24765.425709030806,20457.999823318027
2024-08-15,54789.79825746392,34919.27233915154,19870.525918312378
2024-08-16,53336.62105286948,19224.168699352937,34112.45235351654
2024-08-17,60375.39944257899,20622.454139126665,39752.94530345233
2024-08-18,44899.83601145253,40005.95730587442,4893.878705578107
2024-08-19,47301.250647066285,26318.967146803734,20982.28350026255
2024-08-20,40212.362842176924,24274.920636045175,15937.44220613175
2024-08-21,45557.067399238884,33518.380629810126,12038.686769428758
2024-08-22,53773.00493044852,25302.43701308427,28470.567917364253
2024-08-23,57569.88616645352,38308.909011157564,19260.977155295957
2024-08-24,40778.34675822375,37207.206212556295,3571.1405456674547
2024-08-25,5511808.198700288,30359.28167579834,5481448.91702449
2024-08-26,634331.5721335971,41082.67925785689,593248.8928757402
2024-08-27,54134.349032237005,27045.859695430565,27088.48933680644
2024-08-28,68767.95812558066,34413.09136920144,34354.86675637922
2024-08-29,42262.10800896427,32456.61289189308,9805.49511707119
2024-08-30,37553.45296688583,38026.56842050943,-473.115453623599
2024-08-31,32212.797510957214,45111.92551165117,-12899.128000693956
2024-09-01,64960.44311489183,25250.807544212148,39709.63557067968
2024-09-02,56543.65656354058,17605.65554521731,38938.001018323266
2024-09-03,49444.15329089545,24274.943926796885,25169.209364098562
2024-09-04,52799.6862631982,18696.961345432974,34102.72491776523
2024-09-05,38745.10952701623,33065.97951939128,5679.130007624954
2024-09-06,74457.51979616826,23636.591961333143,50820.927834835114
2024-09-07,51292.21181975227,24889.975519246345,26402.236300505927
2024-09-08,51093.94794604893,28637.644528048462,22456.30341800047
2024-09-09,57257.666238986916,16951.70522336528,40305.96101562164
2024-09-10,54810.09231736713,19257.298251807617,35552.794065559516
2024-09-11,52238.84024279132,30926.609337330898,21312.23090546042
2024-09-12,42095.25544554688,21595.229134950467,20500.02631059641
2024-09-13,54714.68357135996,19911.130570524496,34803.55300083546
2024-09-14,68820.24496475034,32909.94943172435,35910.29553302599
2024-09-15,63454.20046154978,37272.20800493566,26181.99245661412
2024-09-16,65931.86626639398,30164.478950307643,35767.38731608633
2024-09-17,44887.843235688146,31958.844526162182,12928.998709525964
2024-09-18,40103.95179741419,23168.574651178562,16935.37714623563
2024-09-19,48742.13079900352,20049.870654402494,28692.260144601027
2024-09-20,50557.24912288695,35643.2564561569,14913.992666730046
2024-09-21,60941.91518470948,30044.31657441551,30897.598610293975
2024-09-22,33075.353702851804,30838.379085694047,2236.974617157757
2024-09-23,65295.503194606135,35790.38526524075,29505.117929365384
2024-09-24,48419.92101421011,32113.594350407824,16306.326663802283
2024-09-25,4905114.495326959,125852.64915804556,4779261.846168913
2024-09-26,603119.7301529504,41206.591000761335,561913.139152189
2024-09-27,33451.43328134231,26903.767041150186,6547.666240192124
2024-09-28,58231.70583961914,40230.619858501355,18001.085981117787
2024-09-29,50733.17967188404,35192.594283359,15540.58538852504
2024-09-30,37100.39100258946,32712.605871684354,4387.785130905104
2024-10-01,37049.21227936384,29200.090302545857,7849.1219768179835
2024-10-02,46642.15300709872,24223.08798830612,22419.0650187926
2024-10-03,66690.21525289393,24731.633746847758,41958.581506046175
2024-10-04,47404.08648636395,27869.756907057992,19534.32957930596
2024-10-05,34968.570468818936,24242.03598557066,10726.534483248277
2024-10-06,47542.56935914056,21655.686128150923,25886.883230989635
2024-10-07,47272.7643025233,17865.142866603655,29407.621435919642
2024-10-08,23031.133570584283,13402.783369305987,9628.350201278296
2024-10-09,49457.05133482188,34755.887024041134,14701.164310780747
2024-10-10,47690.65469791322,18608.086360551064,29082.568337362154
2024-10-11,56962.063648134186,23563.254621212527,33398.80902692166
2024-10-12,68489.56094945344,27236.24167755543,41253.31927189801
2024-10-13,61265.65029547757,31204.608556573545,30061.041738904027
2024-10-14,47311.11309445169,30029.049303304575,17282.063791147117
2024-10-15,38934.74091258329,30612.945930805206,8321.794981778086
2024-10-16,75733.5980324986,23422.147289521487,52311.45074297712
2024-10-17,50592.184340144886,25945.05419732476,24647.130142820126
2024-10-18,50139.29291912946,28644.60264542791,21494.69027370155
2024-10-19,49758.749128899966,29861.32096487501,19897.428164024957
2024-10-20,51980.84760767855,41712.331069243526,10268.516538435026
2024-10-21,48556.395880760574,30784.379036660306,17772.016844100268
2024-10-22,44263.37993119764,32409.44121522382,11853.938715973822
2024-10-23,44531.41058759608,32383.709260662123,12147.701326933959
2024-10-24,49672.46729784002,35402.999319500355,14269.467978339664
2024-10-25,5287704.364695344,30566.186775283564,5257138.17792006
2024-10-26,605052.538394948,25817.24756687077,579235.2908280772
2024-10-27,51064.30227691897,36684.54872898703,14379.753547931941
2024-10-28,47450.227825791444,27266.068148187424,20184.15967760402
2024-10-29,65039.92988582689,28258.1538081255,36781.77607770139
2024-10-30,23490.30191606988,34438.5636432715,-10948.261727201618
2024-10-31,60915.06851922462,38198.382722963535,22716.68579626108
2024-11-01,62460.85192497629,21377.677046835503,41083.17487814079
2024-11-02,29266.097675918507,27419.192810891946,1846.9048650265613
2024-11-03,46573.12405919651,36411.501119410714,10161.622939785797
2024-11-04,46285.59134004208,23575.96688709894,22709.624452943142
2024-11-05,35924.88305282179,36275.8360340153,-350.95298119351355
2024-11-06,42221.833124091245,25975.397204459532,16246.435919631713
2024-11-07,38894.24154534171,14155.954825731415,24738.286719610296
2024-11-08,67522.70443423622,27659.086739365506,39863.617694870714
2024-11-09,59356.78393147461,30322.193319628746,29034.590611845862
2024-11-10,62715.550949941586,36310.75245285606,26404.798497085525
2024-11-11,57216.72064043235,28291.62478792408,28925.09585250827
2024-11-12,38709.482287827705,24394.881544090396,14314.600743737308
2024-11-13,44754.79733720226,19062.559709940382,25692.23762726188
2024-11-14,54893.74561227918,24726.585921996924,30167.159690282253
2024-11-15,37778.721911080545,21719.39910200858,16059.322809071964
2024-11-16,57129.98430172388,26809.409813251525,30320.574488472357
2024-11-17,47596.74601841865,34417.644853217476,13179.101165201173
2024-11-18,46251.791924504025,35965.83224589725,10285.959678606778
2024-11-19,57109.59968203492,29640.59532463484,27469.004357400077
2024-11-20,54442.6331148604,21663.519588314175,32779.11352654622
2024-11-21,46390.3383418092,30604.100957906147,15786.237383903052
2024-11-22,61593.29803364248,34893.319199417354,26699.978834225127
2024-11-23,39189.366724001025,29083.908020608036,10105.45870339299
2024-11-24,56159.35606944264,32389.749810483514,23769.606258959127
2024-11-25,4663374.83260707,29757.06892129738,4633617.763685772
2024-11-26,474190.81802437326,25919.970422856328,448270.8476015169
2024-11-27,53261.33022242118,33778.38956029989,19482.94066212129
2024-11-28,37488.86423614697,30100.0877297078,7388.776506439168
2024-11-29,59240.27019206901,33282.92488363803,25957.34530843098
2024-11-30,48150.97863557011,29816.85265021964,18334.125985350467
2024-12-01,44772.7697948096,22484.918609075747,22287.851185733856
2024-12-02,60490.092258368895,25444.27756488221,35045.81469348668
2024-12-03,42956.56309457241,20055.9270913328,22900.63600323961
2024-12-04,35915.3870363644,121728.16669883081,-85812.7796624664
2024-12-05,34433.708264760964,20616.883955029956,13816.824309731008
2024-12-06,56060.0995134564,24239.9999067235,31820.0996067329
2024-12-07,37195.706475037165,33106.491273882515,4089.2152011546495
2024-12-08,67547.94181984365,18843.94186960615,48703.9999502375
2024-12-09,29180.70592116278,14884.362570615851,14296.343350546927
2024-12-10,66964.56368290038,16467.71489049535,50496.84879240503
2024-12-11,52110.17467202619,31437.498615343662,20672.676056682525
2024-12-12,49032.868881296075,22275.10271515094,26757.766166145135
2024-12-13,44550.8091319105,38934.776528134345,5616.032603776155
2024-12-14,53991.361143520706,26260.51197791095,27730.849165609758
2024-12-15,49623.652975751516,31268.72846207776,18354.924513673755
2024-12-16,61033.01882016521,34662.12805601953,26370.890764145683
2024-12-17,51142.276486620394,37447.75753711591,13694.518949504483
2024-12-18,51503.01761461877,38090.565165527296,13412.452449091477
2024-12-19,46363.87787786144,33967.31298637868,12396.564891482762
2024-12-20,49430.543762789326,33352.37916652025,16078.164596269075
2024-12-21,53078.01768892059,35917.851392846766,17160.166296073825
2024-12-22,32898.31607343374,37426.242601230624,-4527.926527796881
2024-12-23,36518.14577894287,26142.625269776556,10375.520509166312
2024-12-24,57432.64094022715,25092.99264017808,32339.648300049073
2024-12-25,4989828.995493404,29720.64719679266,4960108.348296611
2024-12-26,540716.8237264686,29197.00479217083,511519.8189342978
2024-12-27,50184.33933065393,28063.2283958939,22121.11093476003
2024-12-28,53475.81705361671,39030.25224687203,14445.564806744682
2024-12-29,44602.40319690639,40994.46462663972,3607.9385702666696
2024-12-30,42216.95274597687,31962.05108218073,10254.901663796143
2024-12-31,51958.452550976814,39607.03292554012,12351.41962543669
